No,[usec],,,
1,1.25,-0.006103897,MAX,-0.002189054
2,2.5,-0.006126817,MIN,-0.010037077
3,3.75,-0.006131401,êUïùç≈ëÂ,-0.012226131
4,5,-0.006135985,íÜä‘,-0.006113065
5,6.25,-0.006145154,,
6,7.5,-0.006158906,,
7,8.75,-0.006177243,,
8,10,-0.006186411,,
9,11.25,-0.006195579,,
10,12.5,-0.006200163,,
11,13.75,-0.006209331,,
12,15,-0.006236836,,
13,16.25,-0.006250589,,
14,17.5,-0.006268925,,
15,18.75,-0.006278093,,
16,20,-0.006287262,,
17,21.25,-0.00629643,,
18,22.5,-0.006305598,,
19,23.75,-0.006314766,,
20,25,-0.006323935,,
21,26.25,-0.006333103,,
22,27.5,-0.006346855,,
23,28.75,-0.006360608,,
24,30,-0.006378944,,
25,31.25,-0.006401865,,
26,32.5,-0.006424785,,
27,33.75,-0.006438538,,
28,35,-0.00645229,,
29,36.25,-0.006466043,,
30,37.5,-0.006488963,,
31,38.75,-0.006511884,,
32,40,-0.006521052,,
33,41.25,-0.006534804,,
34,42.5,-0.006548557,,
35,43.75,-0.006571477,,
36,45,-0.006594398,,
37,46.25,-0.00660815,,
38,47.5,-0.006626487,,
39,48.75,-0.006644824,,
40,50,-0.006667744,,
41,51.25,-0.006686081,,
42,52.5,-0.006709001,,
43,53.75,-0.006722754,,
44,55,-0.006727338,,
45,56.25,-0.006736506,,
46,57.5,-0.006750258,,
47,58.75,-0.006777763,,
48,60,-0.006800684,,
49,61.25,-0.006823604,,
50,62.5,-0.006832773,,
51,63.75,-0.006841941,,
52,65,-0.006860277,,
53,66.25,-0.006887782,,
54,67.5,-0.006906119,,
55,68.75,-0.006915287,,
56,70,-0.006929039,,
57,71.25,-0.006942792,,
58,72.5,-0.006956544,,
59,73.75,-0.006984049,,
60,75,-0.007002385,,
61,76.25,-0.007016138,,
62,77.5,-0.00702989,,
63,78.75,-0.007043643,,
64,80,-0.007066563,,
65,81.25,-0.007098652,,
66,82.5,-0.007112404,,
67,83.75,-0.007112404,,
68,85,-0.007116989,,
69,86.25,-0.007126157,,
70,87.5,-0.007139909,,
71,88.75,-0.007158246,,
72,90,-0.007181166,,
73,91.25,-0.007190335,,
74,92.5,-0.007204087,,
75,93.75,-0.007222423,,
76,95,-0.00724076,,
77,96.25,-0.007249928,,
78,97.5,-0.007259096,,
79,98.75,-0.007263681,,
80,100,-0.007272849,,
81,101.25,-0.007291185,,
82,102.5,-0.007304938,,
83,103.75,-0.007323274,,
84,105,-0.007337027,,
85,106.25,-0.007346195,,
86,107.5,-0.0073737,,
87,108.75,-0.007387452,,
88,110,-0.007410373,,
89,111.25,-0.007428709,,
90,112.5,-0.00745163,,
91,113.75,-0.007465382,,
92,115,-0.007479135,,
93,116.25,-0.007488303,,
94,117.5,-0.007502055,,
95,118.75,-0.007511223,,
96,120,-0.007515808,,
97,121.25,-0.007524976,,
98,122.5,-0.007538728,,
99,123.75,-0.007552481,,
100,125,-0.007566233,,
101,126.25,-0.007579985,,
102,127.5,-0.00758457,,
103,128.75,-0.007598322,,
104,130,-0.007621243,,
105,131.25,-0.007648747,,
106,132.5,-0.0076625,,
107,133.75,-0.007671668,,
108,135,-0.007680836,,
109,136.25,-0.007699173,,
110,137.5,-0.007717509,,
111,138.75,-0.00774043,,
112,140,-0.007758766,,
113,141.25,-0.007777103,,
114,142.5,-0.007795439,,
115,143.75,-0.007822944,,
116,145,-0.007841281,,
117,146.25,-0.007868785,,
118,147.5,-0.007891706,,
119,148.75,-0.00789629,,
120,150,-0.007910042,,
121,151.25,-0.007932963,,
122,152.5,-0.0079513,,
123,153.75,-0.00797422,,
124,155,-0.007987973,,
125,156.25,-0.008001725,,
126,157.5,-0.008015477,,
127,158.75,-0.008033814,,
128,160,-0.00805215,,
129,161.25,-0.008075071,,
130,162.5,-0.008088823,,
131,163.75,-0.008088823,,
132,165,-0.008093408,,
133,166.25,-0.00810716,,
134,167.5,-0.008120912,,
135,168.75,-0.008134665,,
136,170,-0.008153001,,
137,171.25,-0.008157585,,
138,172.5,-0.008162169,,
139,173.75,-0.008166754,,
140,175,-0.008180506,,
141,176.25,-0.008189674,,
142,177.5,-0.008198842,,
143,178.75,-0.008208011,,
144,180,-0.008226347,,
145,181.25,-0.008249268,,
146,182.5,-0.008267604,,
147,183.75,-0.008290525,,
148,185,-0.008308861,,
149,186.25,-0.008308861,,
150,187.5,-0.008313446,,
151,188.75,-0.00831803,,
152,190,-0.008336366,,
153,191.25,-0.008350119,,
154,192.5,-0.008354703,,
155,193.75,-0.008350119,,
156,195,-0.008363871,,
157,196.25,-0.008377623,,
158,197.5,-0.008400544,,
159,198.75,-0.00841888,,
160,200,-0.00841888,,
161,201.25,-0.008414296,,
162,202.5,-0.008423465,,
163,203.75,-0.008437217,,
164,205,-0.008455553,,
165,206.25,-0.008464722,,
166,207.5,-0.008469306,,
167,208.75,-0.008478474,,
168,210,-0.008496811,,
169,211.25,-0.008505979,,
170,212.5,-0.008524315,,
171,213.75,-0.008533484,,
172,215,-0.008538068,,
173,216.25,-0.00855182,,
174,217.5,-0.008560988,,
175,218.75,-0.008579325,,
176,220,-0.008597661,,
177,221.25,-0.008611414,,
178,222.5,-0.008620582,,
179,223.75,-0.008638918,,
180,225,-0.008657255,,
181,226.25,-0.008675591,,
182,227.5,-0.00868476,,
183,228.75,-0.008698512,,
184,230,-0.008703096,,
185,231.25,-0.008712264,,
186,232.5,-0.008716849,,
187,233.75,-0.008726017,,
188,235,-0.008726017,,
189,236.25,-0.008735185,,
190,237.5,-0.008739769,,
191,238.75,-0.008753522,,
192,240,-0.00876269,,
193,241.25,-0.008776442,,
194,242.5,-0.008781026,,
195,243.75,-0.008781026,,
196,245,-0.00878561,,
197,246.25,-0.008799363,,
198,247.5,-0.008803947,,
199,248.75,-0.008817699,,
200,250,-0.008826868,,
201,251.25,-0.008831452,,
202,252.5,-0.00884062,,
203,253.75,-0.008858956,,
204,255,-0.008868125,,
205,256.25,-0.008886461,,
206,257.5,-0.008900214,,
207,258.75,-0.008909382,,
208,260,-0.008913966,,
209,261.25,-0.00891855,,
210,262.5,-0.008936887,,
211,263.75,-0.008955223,,
212,265,-0.008964391,,
213,266.25,-0.008968975,,
214,267.5,-0.008978144,,
215,268.75,-0.008982728,,
216,270,-0.00899648,,
217,271.25,-0.009005648,,
218,272.5,-0.009010233,,
219,273.75,-0.009014817,,
220,275,-0.009023985,,
221,276.25,-0.009037737,,
222,277.5,-0.009056074,,
223,278.75,-0.009060658,,
224,280,-0.009060658,,
225,281.25,-0.009056074,,
226,282.5,-0.00907441,,
227,283.75,-0.009092747,,
228,285,-0.009111083,,
229,286.25,-0.009124836,,
230,287.5,-0.009134004,,
231,288.75,-0.009138588,,
232,290,-0.009143172,,
233,291.25,-0.009156925,,
234,292.5,-0.009166093,,
235,293.75,-0.009166093,,
236,295,-0.009175261,,
237,296.25,-0.009184429,,
238,297.5,-0.009202766,,
239,298.75,-0.009216518,,
240,300,-0.009230271,,
241,301.25,-0.009230271,,
242,302.5,-0.009239439,,
243,303.75,-0.009244023,,
244,305,-0.009257775,,
245,306.25,-0.009271528,,
246,307.5,-0.009271528,,
247,308.75,-0.009276112,,
248,310,-0.00928528,,
249,311.25,-0.009303617,,
250,312.5,-0.009317369,,
251,313.75,-0.009335705,,
252,315,-0.009354042,,
253,316.25,-0.009358626,,
254,317.5,-0.00936321,,
255,318.75,-0.009381547,,
256,320,-0.009404467,,
257,321.25,-0.009422804,,
258,322.5,-0.009436556,,
259,323.75,-0.009445724,,
260,325,-0.009450309,,
261,326.25,-0.009473229,,
262,327.5,-0.009491566,,
263,328.75,-0.009505318,,
264,330,-0.009505318,,
265,331.25,-0.009505318,,
266,332.5,-0.009514486,,
267,333.75,-0.009528239,,
268,335,-0.009541991,,
269,336.25,-0.009546575,,
270,337.5,-0.009551159,,
271,338.75,-0.009560328,,
272,340,-0.009569496,,
273,341.25,-0.009578664,,
274,342.5,-0.009583248,,
275,343.75,-0.009592416,,
276,345,-0.009597001,,
277,346.25,-0.009592416,,
278,347.5,-0.009606169,,
279,348.75,-0.009624505,,
280,350,-0.009638258,,
281,351.25,-0.00965201,,
282,352.5,-0.009661178,,
283,353.75,-0.009670347,,
284,355,-0.009688683,,
285,356.25,-0.009697851,,
286,357.5,-0.009711604,,
287,358.75,-0.009716188,,
288,360,-0.009716188,,
289,361.25,-0.009720772,,
290,362.5,-0.009739108,,
291,363.75,-0.009766613,,
292,365,-0.009789534,,
293,366.25,-0.009789534,,
294,367.5,-0.009789534,,
295,368.75,-0.009794118,,
296,370,-0.009798702,,
297,371.25,-0.00980787,,
298,372.5,-0.009812454,,
299,373.75,-0.00980787,,
300,375,-0.009803286,,
301,376.25,-0.00980787,,
302,377.5,-0.009803286,,
303,378.75,-0.00980787,,
304,380,-0.009803286,,
305,381.25,-0.009803286,,
306,382.5,-0.00980787,,
307,383.75,-0.00980787,,
308,385,-0.009803286,,
309,386.25,-0.009812454,,
310,387.5,-0.009817039,,
311,388.75,-0.009821623,,
312,390,-0.009821623,,
313,391.25,-0.009821623,,
314,392.5,-0.009821623,,
315,393.75,-0.009830791,,
316,395,-0.009821623,,
317,396.25,-0.009812454,,
318,397.5,-0.00980787,,
319,398.75,-0.009817039,,
320,400,-0.009830791,,
321,401.25,-0.009839959,,
322,402.5,-0.009839959,,
323,403.75,-0.009844543,,
324,405,-0.009844543,,
325,406.25,-0.009853712,,
326,407.5,-0.009858296,,
327,408.75,-0.009858296,,
328,410,-0.009853712,,
329,411.25,-0.009849127,,
330,412.5,-0.009844543,,
331,413.75,-0.009849127,,
332,415,-0.009849127,,
333,416.25,-0.009844543,,
334,417.5,-0.009849127,,
335,418.75,-0.009844543,,
336,420,-0.009844543,,
337,421.25,-0.009844543,,
338,422.5,-0.009844543,,
339,423.75,-0.009844543,,
340,425,-0.009844543,,
341,426.25,-0.009839959,,
342,427.5,-0.009849127,,
343,428.75,-0.009844543,,
344,430,-0.009844543,,
345,431.25,-0.009853712,,
346,432.5,-0.009858296,,
347,433.75,-0.009858296,,
348,435,-0.009872048,,
349,436.25,-0.009876632,,
350,437.5,-0.009881216,,
351,438.75,-0.009872048,,
352,440,-0.009876632,,
353,441.25,-0.009872048,,
354,442.5,-0.0098858,,
355,443.75,-0.009890385,,
356,445,-0.009899553,,
357,446.25,-0.009899553,,
358,447.5,-0.009899553,,
359,448.75,-0.009899553,,
360,450,-0.009899553,,
361,451.25,-0.009899553,,
362,452.5,-0.009899553,,
363,453.75,-0.009894969,,
364,455,-0.009908721,,
365,456.25,-0.009908721,,
366,457.5,-0.009904137,,
367,458.75,-0.009913305,,
368,460,-0.009922473,,
369,461.25,-0.009917889,,
370,462.5,-0.009908721,,
371,463.75,-0.009913305,,
372,465,-0.009913305,,
373,466.25,-0.009913305,,
374,467.5,-0.009908721,,
375,468.75,-0.009917889,,
376,470,-0.009917889,,
377,471.25,-0.009922473,,
378,472.5,-0.009922473,,
379,473.75,-0.009927058,,
380,475,-0.009936226,,
381,476.25,-0.009936226,,
382,477.5,-0.009927058,,
383,478.75,-0.009931642,,
384,480,-0.00994081,,
385,481.25,-0.009945394,,
386,482.5,-0.00994081,,
387,483.75,-0.00994081,,
388,485,-0.00994081,,
389,486.25,-0.009945394,,
390,487.5,-0.009949978,,
391,488.75,-0.009949978,,
392,490,-0.009949978,,
393,491.25,-0.009954562,,
394,492.5,-0.009959146,,
395,493.75,-0.009963731,,
396,495,-0.009968315,,
397,496.25,-0.009968315,,
398,497.5,-0.009963731,,
399,498.75,-0.009963731,,
400,500,-0.009968315,,
401,501.25,-0.009972899,,
402,502.5,-0.009977483,,
403,503.75,-0.009972899,,
404,505,-0.009968315,,
405,506.25,-0.009968315,,
406,507.5,-0.009972899,,
407,508.75,-0.009986651,,
408,510,-0.009995819,,
409,511.25,-0.009995819,,
410,512.5,-0.010000404,,
411,513.75,-0.009991235,,
412,515,-0.009995819,,
413,516.25,-0.010000404,,
414,517.5,-0.010004988,,
415,518.75,-0.010000404,,
416,520,-0.009986651,,
417,521.25,-0.009977483,,
418,522.5,-0.009982067,,
419,523.75,-0.009977483,,
420,525,-0.009991235,,
421,526.25,-0.009982067,,
422,527.5,-0.009986651,,
423,528.75,-0.010000404,,
424,530,-0.010009572,,
425,531.25,-0.010014156,,
426,532.5,-0.010023324,,
427,533.75,-0.010023324,,
428,535,-0.01001874,,
429,536.25,-0.010023324,,
430,537.5,-0.010027908,,
431,538.75,-0.010027908,,
432,540,-0.010027908,,
433,541.25,-0.010023324,,
434,542.5,-0.010023324,,
435,543.75,-0.010027908,,
436,545,-0.010027908,,
437,546.25,-0.010037077,,
438,547.5,-0.010032493,,
439,548.75,-0.010032493,,
440,550,-0.010032493,,
441,551.25,-0.010032493,,
442,552.5,-0.010032493,,
443,553.75,-0.010037077,,
444,555,-0.010027908,,
445,556.25,-0.010023324,,
446,557.5,-0.010014156,,
447,558.75,-0.01001874,,
448,560,-0.010023324,,
449,561.25,-0.010027908,,
450,562.5,-0.01001874,,
451,563.75,-0.010004988,,
452,565,-0.010000404,,
453,566.25,-0.010000404,,
454,567.5,-0.009995819,,
455,568.75,-0.009986651,,
456,570,-0.009972899,,
457,571.25,-0.009968315,,
458,572.5,-0.009963731,,
459,573.75,-0.009963731,,
460,575,-0.009977483,,
461,576.25,-0.009977483,,
462,577.5,-0.009968315,,
463,578.75,-0.009959146,,
464,580,-0.009954562,,
465,581.25,-0.009949978,,
466,582.5,-0.00994081,,
467,583.75,-0.009927058,,
468,585,-0.009917889,,
469,586.25,-0.009908721,,
470,587.5,-0.009913305,,
471,588.75,-0.009908721,,
472,590,-0.009908721,,
473,591.25,-0.009894969,,
474,592.5,-0.009876632,,
475,593.75,-0.009858296,,
476,595,-0.00986288,,
477,596.25,-0.009858296,,
478,597.5,-0.009853712,,
479,598.75,-0.009835375,,
480,600,-0.009826207,,
481,601.25,-0.009821623,,
482,602.5,-0.009821623,,
483,603.75,-0.009803286,,
484,605,-0.009803286,,
485,606.25,-0.009798702,,
486,607.5,-0.009789534,,
487,608.75,-0.009780366,,
488,610,-0.009766613,,
489,611.25,-0.009762029,,
490,612.5,-0.009762029,,
491,613.75,-0.009743693,,
492,615,-0.009739108,,
493,616.25,-0.009739108,,
494,617.5,-0.009725356,,
495,618.75,-0.009720772,,
496,620,-0.009711604,,
497,621.25,-0.00970702,,
498,622.5,-0.00970702,,
499,623.75,-0.009702435,,
500,625,-0.009688683,,
501,626.25,-0.009679515,,
502,627.5,-0.009670347,,
503,628.75,-0.009665762,,
504,630,-0.009656594,,
505,631.25,-0.009642842,,
506,632.5,-0.009633674,,
507,633.75,-0.009624505,,
508,635,-0.009615337,,
509,636.25,-0.009601585,,
510,637.5,-0.009587832,,
511,638.75,-0.009587832,,
512,640,-0.009592416,,
513,641.25,-0.009592416,,
514,642.5,-0.00957408,,
515,643.75,-0.009564912,,
516,645,-0.009551159,,
517,646.25,-0.009541991,,
518,647.5,-0.009532823,,
519,648.75,-0.009523655,,
520,650,-0.009514486,,
521,651.25,-0.009509902,,
522,652.5,-0.009505318,,
523,653.75,-0.009500734,,
524,655,-0.009482397,,
525,656.25,-0.009468645,,
526,657.5,-0.009459477,,
527,658.75,-0.009436556,,
528,660,-0.00941822,,
529,661.25,-0.009413636,,
530,662.5,-0.009409051,,
531,663.75,-0.009395299,,
532,665,-0.009376963,,
533,666.25,-0.00936321,,
534,667.5,-0.009358626,,
535,668.75,-0.009354042,,
536,670,-0.009344874,,
537,671.25,-0.009335705,,
538,672.5,-0.009326537,,
539,673.75,-0.009317369,,
540,675,-0.009303617,,
541,676.25,-0.009294448,,
542,677.5,-0.009289864,,
543,678.75,-0.009276112,,
544,680,-0.009266944,,
545,681.25,-0.009262359,,
546,682.5,-0.009257775,,
547,683.75,-0.009253191,,
548,685,-0.009248607,,
549,686.25,-0.009234855,,
550,687.5,-0.009211934,,
551,688.75,-0.009211934,,
552,690,-0.009202766,,
553,691.25,-0.009189013,,
554,692.5,-0.009179845,,
555,693.75,-0.009166093,,
556,695,-0.00915234,,
557,696.25,-0.00915234,,
558,697.5,-0.009143172,,
559,698.75,-0.009143172,,
560,700,-0.009124836,,
561,701.25,-0.009106499,,
562,702.5,-0.009097331,,
563,703.75,-0.009097331,,
564,705,-0.009097331,,
565,706.25,-0.009092747,,
566,707.5,-0.009083579,,
567,708.75,-0.009060658,,
568,710,-0.009046906,,
569,711.25,-0.009033153,,
570,712.5,-0.009014817,,
571,713.75,-0.009010233,,
572,715,-0.008991896,,
573,716.25,-0.008982728,,
574,717.5,-0.00897356,,
575,718.75,-0.008964391,,
576,720,-0.008968975,,
577,721.25,-0.008964391,,
578,722.5,-0.008955223,,
579,723.75,-0.008955223,,
580,725,-0.008941471,,
581,726.25,-0.008932302,,
582,727.5,-0.008923134,,
583,728.75,-0.008900214,,
584,730,-0.008881877,,
585,731.25,-0.008863541,,
586,732.5,-0.008849788,,
587,733.75,-0.00884062,,
588,735,-0.008831452,,
589,736.25,-0.008817699,,
590,737.5,-0.008803947,,
591,738.75,-0.008794779,,
592,740,-0.008794779,,
593,741.25,-0.008790195,,
594,742.5,-0.00878561,,
595,743.75,-0.008767274,,
596,745,-0.008758106,,
597,746.25,-0.008744353,,
598,747.5,-0.008739769,,
599,748.75,-0.008735185,,
600,750,-0.008739769,,
601,751.25,-0.008721433,,
602,752.5,-0.008712264,,
603,753.75,-0.008693928,,
604,755,-0.008689344,,
605,756.25,-0.008689344,,
606,757.5,-0.00868476,,
607,758.75,-0.008671007,,
608,760,-0.008666423,,
609,761.25,-0.008661839,,
610,762.5,-0.008661839,,
611,763.75,-0.008661839,,
612,765,-0.008652671,,
613,766.25,-0.00862975,,
614,767.5,-0.008615998,,
615,768.75,-0.008602245,,
616,770,-0.008593077,,
617,771.25,-0.008583909,,
618,772.5,-0.008570157,,
619,773.75,-0.00855182,,
620,775,-0.008524315,,
621,776.25,-0.008510563,,
622,777.5,-0.008505979,,
623,778.75,-0.008492226,,
624,780,-0.00847389,,
625,781.25,-0.008455553,,
626,782.5,-0.008446385,,
627,783.75,-0.008437217,,
628,785,-0.008423465,,
629,786.25,-0.008414296,,
630,787.5,-0.008400544,,
631,788.75,-0.008382207,,
632,790,-0.008363871,,
633,791.25,-0.008368455,,
634,792.5,-0.008373039,,
635,793.75,-0.008373039,,
636,795,-0.008350119,,
637,796.25,-0.008336366,,
638,797.5,-0.00831803,,
639,798.75,-0.008308861,,
640,800,-0.008295109,,
641,801.25,-0.008281357,,
642,802.5,-0.008258436,,
643,803.75,-0.008253852,,
644,805,-0.008244684,,
645,806.25,-0.008230931,,
646,807.5,-0.008221763,,
647,808.75,-0.008217179,,
648,810,-0.008203426,,
649,811.25,-0.008194258,,
650,812.5,-0.008189674,,
651,813.75,-0.008194258,,
652,815,-0.008180506,,
653,816.25,-0.008162169,,
654,817.5,-0.008148417,,
655,818.75,-0.008134665,,
656,820,-0.008120912,,
657,821.25,-0.00810716,,
658,822.5,-0.008097992,,
659,823.75,-0.008075071,,
660,825,-0.008061319,,
661,826.25,-0.008061319,,
662,827.5,-0.008042982,,
663,828.75,-0.00802923,,
664,830,-0.008024646,,
665,831.25,-0.008006309,,
666,832.5,-0.007987973,,
667,833.75,-0.007987973,,
668,835,-0.007969636,,
669,836.25,-0.007969636,,
670,837.5,-0.007955884,,
671,838.75,-0.007932963,,
672,840,-0.007910042,,
673,841.25,-0.007900874,,
674,842.5,-0.007891706,,
675,843.75,-0.007887122,,
676,845,-0.007882538,,
677,846.25,-0.007868785,,
678,847.5,-0.007859617,,
679,848.75,-0.007855033,,
680,850,-0.007845865,,
681,851.25,-0.007832112,,
682,852.5,-0.007804607,,
683,853.75,-0.007781687,,
684,855,-0.007767934,,
685,856.25,-0.00776335,,
686,857.5,-0.007754182,,
687,858.75,-0.007745014,,
688,860,-0.007735846,,
689,861.25,-0.007722093,,
690,862.5,-0.007717509,,
691,863.75,-0.007717509,,
692,865,-0.007712925,,
693,866.25,-0.007708341,,
694,867.5,-0.007694588,,
695,868.75,-0.007671668,,
696,870,-0.007667084,,
697,871.25,-0.007657915,,
698,872.5,-0.007653331,,
699,873.75,-0.007639579,,
700,875,-0.007625827,,
701,876.25,-0.00760749,,
702,877.5,-0.00760749,,
703,878.75,-0.007602906,,
704,880,-0.007584569,,
705,881.25,-0.007570817,,
706,882.5,-0.007557065,,
707,883.75,-0.007534144,,
708,885,-0.007524976,,
709,886.25,-0.007511223,,
710,887.5,-0.007511223,,
711,888.75,-0.007492887,,
712,890,-0.007479134,,
713,891.25,-0.007465382,,
714,892.5,-0.007460798,,
715,893.75,-0.007456214,,
716,895,-0.007447046,,
717,896.25,-0.007424125,,
718,897.5,-0.007419541,,
719,898.75,-0.007401204,,
720,900,-0.007392036,,
721,901.25,-0.007387452,,
722,902.5,-0.007378284,,
723,903.75,-0.007359947,,
724,905,-0.007341611,,
725,906.25,-0.007332442,,
726,907.5,-0.007327858,,
727,908.75,-0.007323274,,
728,910,-0.007309522,,
729,911.25,-0.007291185,,
730,912.5,-0.007277433,,
731,913.75,-0.007272849,,
732,915,-0.007272849,,
733,916.25,-0.007263681,,
734,917.5,-0.007254512,,
735,918.75,-0.007245344,,
736,920,-0.007231592,,
737,921.25,-0.007227008,,
738,922.5,-0.007213255,,
739,923.75,-0.007199503,,
740,925,-0.007181166,,
741,926.25,-0.007167414,,
742,927.5,-0.007153662,,
743,928.75,-0.007135325,,
744,930,-0.007126157,,
745,931.25,-0.007126157,,
746,932.5,-0.007112404,,
747,933.75,-0.007089484,,
748,935,-0.007080315,,
749,936.25,-0.007075731,,
750,937.5,-0.007071147,,
751,938.75,-0.007066563,,
752,940,-0.007048227,,
753,941.25,-0.00702989,,
754,942.5,-0.007016138,,
755,943.75,-0.007006969,,
756,945,-0.007006969,,
757,946.25,-0.007006969,,
758,947.5,-0.006988633,,
759,948.75,-0.006974881,,
760,950,-0.006956544,,
761,951.25,-0.006956544,,
762,952.5,-0.006947376,,
763,953.75,-0.006942792,,
764,955,-0.006924455,,
765,956.25,-0.006906119,,
766,957.5,-0.006906119,,
767,958.75,-0.006901535,,
768,960,-0.006887782,,
769,961.25,-0.00687403,,
770,962.5,-0.006851109,,
771,963.75,-0.006832773,,
772,965,-0.006828189,,
773,966.25,-0.00681902,,
774,967.5,-0.006809852,,
775,968.75,-0.0067961,,
776,970,-0.006786931,,
777,971.25,-0.006777763,,
778,972.5,-0.006768595,,
779,973.75,-0.006764011,,
780,975,-0.006750258,,
781,976.25,-0.006722754,,
782,977.5,-0.006704417,,
783,978.75,-0.006699833,,
784,980,-0.006695249,,
785,981.25,-0.006690665,,
786,982.5,-0.006676912,,
787,983.75,-0.00666316,,
788,985,-0.006649408,,
789,986.25,-0.006644824,,
790,987.5,-0.006635655,,
791,988.75,-0.006631071,,
792,990,-0.006617319,,
793,991.25,-0.006589814,,
794,992.5,-0.006571477,,
795,993.75,-0.006553141,,
796,995,-0.006548557,,
797,996.25,-0.006539389,,
798,997.5,-0.006534804,,
799,998.75,-0.006516468,,
800,1000,-0.0065073,,
801,1001.25,-0.006498131,,
802,1002.5,-0.006479795,,
803,1003.75,-0.006470627,,
804,1005,-0.006447706,,
805,1006.25,-0.006424785,,
806,1007.5,-0.006415617,,
807,1008.75,-0.006401865,,
808,1010,-0.006388112,,
809,1011.25,-0.00637436,,
810,1012.5,-0.006351439,,
811,1013.75,-0.006323935,,
812,1015,-0.006310182,,
813,1016.25,-0.006291846,,
814,1017.5,-0.006287262,,
815,1018.75,-0.006282678,,
816,1020,-0.006264341,,
817,1021.25,-0.006246005,,
818,1022.5,-0.006236836,,
819,1023.75,-0.006232252,,
820,1025,-0.006223084,,
821,1026.25,-0.006190995,,
822,1027.5,-0.006168074,,
823,1028.75,-0.006149738,,
824,1030,-0.006135986,,
825,1031.25,-0.006131401,,
826,1032.5,-0.006122233,,
827,1033.75,-0.006099313,,
828,1035,-0.006080976,,
829,1036.25,-0.006067224,,
830,1037.5,-0.006058055,,
831,1038.75,-0.006053471,,
832,1040,-0.006039719,,
833,1041.25,-0.006021382,,
834,1042.5,-0.006003046,,
835,1043.75,-0.005984709,,
836,1045,-0.005966373,,
837,1046.25,-0.005961789,,
838,1047.5,-0.005948036,,
839,1048.75,-0.005925116,,
840,1050,-0.005902195,,
841,1051.25,-0.005893027,,
842,1052.5,-0.005897611,,
843,1053.75,-0.005897611,,
844,1055,-0.005893027,,
845,1056.25,-0.00587469,,
846,1057.5,-0.005856354,,
847,1058.75,-0.00585177,,
848,1060,-0.005842601,,
849,1061.25,-0.005828849,,
850,1062.5,-0.005801344,,
851,1063.75,-0.005778424,,
852,1065,-0.005764671,,
853,1066.25,-0.005750919,,
854,1067.5,-0.005732582,,
855,1068.75,-0.005727998,,
856,1070,-0.005709662,,
857,1071.25,-0.005682157,,
858,1072.5,-0.005659236,,
859,1073.75,-0.005650068,,
860,1075,-0.0056409,,
861,1076.25,-0.0056409,,
862,1077.5,-0.005617979,,
863,1078.75,-0.005599643,,
864,1080,-0.005590475,,
865,1081.25,-0.005572138,,
866,1082.5,-0.005558386,,
867,1083.75,-0.005549217,,
868,1085,-0.005521713,,
869,1086.25,-0.00550796,,
870,1087.5,-0.005498792,,
871,1088.75,-0.005494208,,
872,1090,-0.00548504,,
873,1091.25,-0.005475871,,
874,1092.5,-0.005448367,,
875,1093.75,-0.005416278,,
876,1095,-0.005397941,,
877,1096.25,-0.005393357,,
878,1097.5,-0.005379605,,
879,1098.75,-0.005370437,,
880,1100,-0.0053521,,
881,1101.25,-0.005333764,,
882,1102.5,-0.005320011,,
883,1103.75,-0.005306259,,
884,1105,-0.005283338,,
885,1106.25,-0.005265002,,
886,1107.5,-0.005232913,,
887,1108.75,-0.005214576,,
888,1110,-0.005200824,,
889,1111.25,-0.00519624,,
890,1112.5,-0.005187072,,
891,1113.75,-0.005168735,,
892,1115,-0.005136646,,
893,1116.25,-0.005127478,,
894,1117.5,-0.005109141,,
895,1118.75,-0.005095389,,
896,1120,-0.005077052,,
897,1121.25,-0.005049548,,
898,1122.5,-0.005022043,,
899,1123.75,-0.005008291,,
900,1125,-0.004999122,,
901,1126.25,-0.004989954,,
902,1127.5,-0.004967033,,
903,1128.75,-0.004953281,,
904,1130,-0.004921192,,
905,1131.25,-0.004902856,,
906,1132.5,-0.004889103,,
907,1133.75,-0.004879935,,
908,1135,-0.004861599,,
909,1136.25,-0.004838678,,
910,1137.5,-0.004815757,,
911,1138.75,-0.004797421,,
912,1140,-0.004779084,,
913,1141.25,-0.004765332,,
914,1142.5,-0.00475158,,
915,1143.75,-0.004737827,,
916,1145,-0.004710322,,
917,1146.25,-0.004687402,,
918,1147.5,-0.004669065,,
919,1148.75,-0.004650729,,
920,1150,-0.004623224,,
921,1151.25,-0.004595719,,
922,1152.5,-0.004568215,,
923,1153.75,-0.004545294,,
924,1155,-0.004536126,,
925,1156.25,-0.004522373,,
926,1157.5,-0.004490284,,
927,1158.75,-0.004467364,,
928,1160,-0.004453611,,
929,1161.25,-0.004430691,,
930,1162.5,-0.004421523,,
931,1163.75,-0.00440777,,
932,1165,-0.004380265,,
933,1166.25,-0.004375681,,
934,1167.5,-0.004366513,,
935,1168.75,-0.004361929,,
936,1170,-0.004343592,,
937,1171.25,-0.004320672,,
938,1172.5,-0.004297751,,
939,1173.75,-0.004279415,,
940,1175,-0.004270246,,
941,1176.25,-0.004265662,,
942,1177.5,-0.004256494,,
943,1178.75,-0.004242742,,
944,1180,-0.004228989,,
945,1181.25,-0.004210653,,
946,1182.5,-0.004201485,,
947,1183.75,-0.004192316,,
948,1185,-0.004178564,,
949,1186.25,-0.004160227,,
950,1187.5,-0.004141891,,
951,1188.75,-0.004137307,,
952,1190,-0.004137307,,
953,1191.25,-0.004137307,,
954,1192.5,-0.004128139,,
955,1193.75,-0.00411897,,
956,1195,-0.004100634,,
957,1196.25,-0.00409605,,
958,1197.5,-0.004082297,,
959,1198.75,-0.004077713,,
960,1200,-0.004068545,,
961,1201.25,-0.004054793,,
962,1202.5,-0.00404104,,
963,1203.75,-0.004027288,,
964,1205,-0.004013535,,
965,1206.25,-0.004004367,,
966,1207.5,-0.003990615,,
967,1208.75,-0.003976862,,
968,1210,-0.00396311,,
969,1211.25,-0.003958526,,
970,1212.5,-0.003949358,,
971,1213.75,-0.003949358,,
972,1215,-0.003935605,,
973,1216.25,-0.003926437,,
974,1217.5,-0.003908101,,
975,1218.75,-0.00388518,,
976,1220,-0.003880596,,
977,1221.25,-0.003866843,,
978,1222.5,-0.003843923,,
979,1223.75,-0.003825586,,
980,1225,-0.003821002,,
981,1226.25,-0.003821002,,
982,1227.5,-0.003821002,,
983,1228.75,-0.003811834,,
984,1230,-0.003788913,,
985,1231.25,-0.003765993,,
986,1232.5,-0.003765993,,
987,1233.75,-0.003761409,,
988,1235,-0.003761409,,
989,1236.25,-0.003747656,,
990,1237.5,-0.003733904,,
991,1238.75,-0.003715567,,
992,1240,-0.003706399,,
993,1241.25,-0.003701815,,
994,1242.5,-0.003701815,,
995,1243.75,-0.003692647,,
996,1245,-0.003678894,,
997,1246.25,-0.00365139,,
998,1247.5,-0.003642221,,
999,1248.75,-0.003642221,,
1000,1250,-0.003642221,,
1001,1251.25,-0.003623885,,
1002,1252.5,-0.003600964,,
1003,1253.75,-0.003582628,,
1004,1255,-0.003568875,,
1005,1256.25,-0.003559707,,
1006,1257.5,-0.003555123,,
1007,1258.75,-0.003536786,,
1008,1260,-0.00351845,,
1009,1261.25,-0.003509282,,
1010,1262.5,-0.003504698,,
1011,1263.75,-0.003495529,,
1012,1265,-0.003481777,,
1013,1266.25,-0.00346344,,
1014,1267.5,-0.003454272,,
1015,1268.75,-0.003445104,,
1016,1270,-0.003435936,,
1017,1271.25,-0.00344052,,
1018,1272.5,-0.003431352,,
1019,1273.75,-0.003417599,,
1020,1275,-0.003399263,,
1021,1276.25,-0.00338551,,
1022,1277.5,-0.003371758,,
1023,1278.75,-0.003358006,,
1024,1280,-0.003335085,,
1025,1281.25,-0.003321333,,
1026,1282.5,-0.00330758,,
1027,1283.75,-0.003302996,,
1028,1285,-0.003302996,,
1029,1286.25,-0.003293828,,
1030,1287.5,-0.003275491,,
1031,1288.75,-0.003247987,,
1032,1290,-0.003234234,,
1033,1291.25,-0.003225066,,
1034,1292.5,-0.003225066,,
1035,1293.75,-0.003225066,,
1036,1295,-0.003215898,,
1037,1296.25,-0.003197561,,
1038,1297.5,-0.003179225,,
1039,1298.75,-0.003160888,,
1040,1300,-0.003156304,,
1041,1301.25,-0.003147136,,
1042,1302.5,-0.003128799,,
1043,1303.75,-0.003110463,,
1044,1305,-0.003115047,,
1045,1306.25,-0.003105879,,
1046,1307.5,-0.003110463,,
1047,1308.75,-0.003101295,,
1048,1310,-0.003087542,,
1049,1311.25,-0.003069206,,
1050,1312.5,-0.003064622,,
1051,1313.75,-0.003050869,,
1052,1315,-0.003046285,,
1053,1316.25,-0.003023364,,
1054,1317.5,-0.003014196,,
1055,1318.75,-0.00299586,,
1056,1320,-0.00299586,,
1057,1321.25,-0.002982107,,
1058,1322.5,-0.002982107,,
1059,1323.75,-0.002968355,,
1060,1325,-0.002954603,,
1061,1326.25,-0.00294085,,
1062,1327.5,-0.00294085,,
1063,1328.75,-0.00294085,,
1064,1330,-0.002945434,,
1065,1331.25,-0.002936266,,
1066,1332.5,-0.00291793,,
1067,1333.75,-0.002908761,,
1068,1335,-0.002899593,,
1069,1336.25,-0.002881257,,
1070,1337.5,-0.002872088,,
1071,1338.75,-0.002858336,,
1072,1340,-0.002844584,,
1073,1341.25,-0.002839999,,
1074,1342.5,-0.002826247,,
1075,1343.75,-0.002807911,,
1076,1345,-0.002803326,,
1077,1346.25,-0.002794158,,
1078,1347.5,-0.002789574,,
1079,1348.75,-0.002775822,,
1080,1350,-0.002771238,,
1081,1351.25,-0.002762069,,
1082,1352.5,-0.002757485,,
1083,1353.75,-0.002748317,,
1084,1355,-0.002734565,,
1085,1356.25,-0.002725396,,
1086,1357.5,-0.002725396,,
1087,1358.75,-0.002716228,,
1088,1360,-0.002702476,,
1089,1361.25,-0.002684139,,
1090,1362.5,-0.002670387,,
1091,1363.75,-0.002661219,,
1092,1365,-0.002661219,,
1093,1366.25,-0.002661219,,
1094,1367.5,-0.002661219,,
1095,1368.75,-0.00265205,,
1096,1370,-0.002656634,,
1097,1371.25,-0.002665803,,
1098,1372.5,-0.002674971,,
1099,1373.75,-0.002679555,,
1100,1375,-0.002674971,,
1101,1376.25,-0.002661219,,
1102,1377.5,-0.002661219,,
1103,1378.75,-0.002656634,,
1104,1380,-0.002661219,,
1105,1381.25,-0.002661219,,
1106,1382.5,-0.002647466,,
1107,1383.75,-0.002638298,,
1108,1385,-0.002642882,,
1109,1386.25,-0.002642882,,
1110,1387.5,-0.002642882,,
1111,1388.75,-0.002638298,,
1112,1390,-0.00262913,,
1113,1391.25,-0.002619961,,
1114,1392.5,-0.002615377,,
1115,1393.75,-0.002610793,,
1116,1395,-0.002619961,,
1117,1396.25,-0.002615377,,
1118,1397.5,-0.002597041,,
1119,1398.75,-0.002583289,,
1120,1400,-0.002578705,,
1121,1401.25,-0.00257412,,
1122,1402.5,-0.002583289,,
1123,1403.75,-0.00257412,,
1124,1405,-0.002569536,,
1125,1406.25,-0.002569536,,
1126,1407.5,-0.002564952,,
1127,1408.75,-0.002560368,,
1128,1410,-0.002564952,,
1129,1411.25,-0.0025512,,
1130,1412.5,-0.002537447,,
1131,1413.75,-0.002523695,,
1132,1415,-0.002523695,,
1133,1416.25,-0.002528279,,
1134,1417.5,-0.002532863,,
1135,1418.75,-0.002537447,,
1136,1420,-0.002528279,,
1137,1421.25,-0.002528279,,
1138,1422.5,-0.002528279,,
1139,1423.75,-0.002532863,,
1140,1425,-0.002523695,,
1141,1426.25,-0.002519111,,
1142,1427.5,-0.002514527,,
1143,1428.75,-0.002523695,,
1144,1430,-0.002528279,,
1145,1431.25,-0.002537447,,
1146,1432.5,-0.002523695,,
1147,1433.75,-0.002505359,,
1148,1435,-0.002491606,,
1149,1436.25,-0.002487022,,
1150,1437.5,-0.002482438,,
1151,1438.75,-0.002482438,,
1152,1440,-0.00247327,,
1153,1441.25,-0.002464101,,
1154,1442.5,-0.002454933,,
1155,1443.75,-0.002454933,,
1156,1445,-0.002454933,,
1157,1446.25,-0.002464101,,
1158,1447.5,-0.002454933,,
1159,1448.75,-0.002436597,,
1160,1450,-0.002427428,,
1161,1451.25,-0.002432013,,
1162,1452.5,-0.002432013,,
1163,1453.75,-0.002427428,,
1164,1455,-0.002422844,,
1165,1456.25,-0.002413676,,
1166,1457.5,-0.00241826,,
1167,1458.75,-0.002422844,,
1168,1460,-0.002427428,,
1169,1461.25,-0.002427428,,
1170,1462.5,-0.00241826,,
1171,1463.75,-0.002409092,,
1172,1465,-0.002409092,,
1173,1466.25,-0.002413676,,
1174,1467.5,-0.002409092,,
1175,1468.75,-0.002399924,,
1176,1470,-0.002390755,,
1177,1471.25,-0.002386171,,
1178,1472.5,-0.002386171,,
1179,1473.75,-0.002381587,,
1180,1475,-0.002381587,,
1181,1476.25,-0.002372419,,
1182,1477.5,-0.002367835,,
1183,1478.75,-0.002372419,,
1184,1480,-0.002381587,,
1185,1481.25,-0.002390755,,
1186,1482.5,-0.00239534,,
1187,1483.75,-0.002390755,,
1188,1485,-0.002381587,,
1189,1486.25,-0.002377003,,
1190,1487.5,-0.002377003,,
1191,1488.75,-0.002381587,,
1192,1490,-0.002377003,,
1193,1491.25,-0.002367835,,
1194,1492.5,-0.002349498,,
1195,1493.75,-0.002349498,,
1196,1495,-0.002349498,,
1197,1496.25,-0.002344914,,
1198,1497.5,-0.00234033,,
1199,1498.75,-0.002331162,,
1200,1500,-0.002326578,,
1201,1501.25,-0.002331162,,
1202,1502.5,-0.002335746,,
1203,1503.75,-0.00234033,,
1204,1505,-0.002331162,,
1205,1506.25,-0.002317409,,
1206,1507.5,-0.002303657,,
1207,1508.75,-0.002294489,,
1208,1510,-0.002294489,,
1209,1511.25,-0.002289905,,
1210,1512.5,-0.002271568,,
1211,1513.75,-0.002257816,,
1212,1515,-0.002253232,,
1213,1516.25,-0.0022624,,
1214,1517.5,-0.002266984,,
1215,1518.75,-0.002271568,,
1216,1520,-0.002257816,,
1217,1521.25,-0.002257816,,
1218,1522.5,-0.002257816,,
1219,1523.75,-0.002257816,,
1220,1525,-0.002253232,,
1221,1526.25,-0.002253232,,
1222,1527.5,-0.002234895,,
1223,1528.75,-0.002216559,,
1224,1530,-0.002211975,,
1225,1531.25,-0.002207391,,
1226,1532.5,-0.002211975,,
1227,1533.75,-0.002211975,,
1228,1535,-0.002211975,,
1229,1536.25,-0.002216559,,
1230,1537.5,-0.002225727,,
1231,1538.75,-0.002221143,,
1232,1540,-0.002225727,,
1233,1541.25,-0.002216559,,
1234,1542.5,-0.002211975,,
1235,1543.75,-0.002216559,,
1236,1545,-0.002216559,,
1237,1546.25,-0.002211975,,
1238,1547.5,-0.002207391,,
1239,1548.75,-0.002211975,,
1240,1550,-0.002207391,,
1241,1551.25,-0.002202807,,
1242,1552.5,-0.002202807,,
1243,1553.75,-0.002207391,,
1244,1555,-0.002211975,,
1245,1556.25,-0.002207391,,
1246,1557.5,-0.002193638,,
1247,1558.75,-0.002193638,,
1248,1560,-0.002189054,,
1249,1561.25,-0.002207391,,
1250,1562.5,-0.002216559,,
1251,1563.75,-0.002216559,,
1252,1565,-0.002202807,,
1253,1566.25,-0.002211975,,
1254,1567.5,-0.002216559,,
1255,1568.75,-0.002234895,,
1256,1570,-0.00223948,,
1257,1571.25,-0.00223948,,
1258,1572.5,-0.002244064,,
1259,1573.75,-0.002257816,,
1260,1575,-0.002276153,,
1261,1576.25,-0.002299073,,
1262,1577.5,-0.002303657,,
1263,1578.75,-0.002308241,,
1264,1580,-0.002303657,,
1265,1581.25,-0.002312826,,
1266,1582.5,-0.002326578,,
1267,1583.75,-0.00234033,,
1268,1585,-0.002344914,,
1269,1586.25,-0.002349499,,
1270,1587.5,-0.002354083,,
1271,1588.75,-0.002363251,,
1272,1590,-0.002363251,,
1273,1591.25,-0.002367835,,
1274,1592.5,-0.002377003,,
1275,1593.75,-0.002381587,,
1276,1595,-0.002381587,,
1277,1596.25,-0.002390756,,
1278,1597.5,-0.002413676,,
1279,1598.75,-0.002427428,,
1280,1600,-0.002427428,,
1281,1601.25,-0.002436597,,
1282,1602.5,-0.002441181,,
1283,1603.75,-0.002454933,,
1284,1605,-0.002464101,,
1285,1606.25,-0.002468686,,
1286,1607.5,-0.00247327,,
1287,1608.75,-0.002477854,,
1288,1610,-0.002487022,,
1289,1611.25,-0.002491606,,
1290,1612.5,-0.002500774,,
1291,1613.75,-0.002514527,,
1292,1615,-0.002523695,,
1293,1616.25,-0.002523695,,
1294,1617.5,-0.002532863,,
1295,1618.75,-0.002542032,,
1296,1620,-0.002555784,,
1297,1621.25,-0.002564952,,
1298,1622.5,-0.00257412,,
1299,1623.75,-0.002578705,,
1300,1625,-0.002592457,,
1301,1626.25,-0.002601625,,
1302,1627.5,-0.002619962,,
1303,1628.75,-0.002619962,,
1304,1630,-0.00262913,,
1305,1631.25,-0.002633714,,
1306,1632.5,-0.002652051,,
1307,1633.75,-0.002674971,,
1308,1635,-0.002693308,,
1309,1636.25,-0.002697892,,
1310,1637.5,-0.002702476,,
1311,1638.75,-0.002711644,,
1312,1640,-0.002725397,,
1313,1641.25,-0.002734565,,
1314,1642.5,-0.002743733,,
1315,1643.75,-0.002743733,,
1316,1645,-0.002748317,,
1317,1646.25,-0.002757485,,
1318,1647.5,-0.002771238,,
1319,1648.75,-0.00278499,,
1320,1650,-0.002794158,,
1321,1651.25,-0.002803327,,
1322,1652.5,-0.002812495,,
1323,1653.75,-0.002830831,,
1324,1655,-0.002849168,,
1325,1656.25,-0.00286292,,
1326,1657.5,-0.00286292,,
1327,1658.75,-0.00286292,,
1328,1660,-0.00286292,,
1329,1661.25,-0.002872089,,
1330,1662.5,-0.002890425,,
1331,1663.75,-0.002899593,,
1332,1665,-0.002908762,,
1333,1666.25,-0.002913346,,
1334,1667.5,-0.002927098,,
1335,1668.75,-0.00294085,,
1336,1670,-0.002945435,,
1337,1671.25,-0.002945435,,
1338,1672.5,-0.002950019,,
1339,1673.75,-0.002954603,,
1340,1675,-0.002968355,,
1341,1676.25,-0.002982108,,
1342,1677.5,-0.003000444,,
1343,1678.75,-0.003009612,,
1344,1680,-0.003009612,,
1345,1681.25,-0.003005028,,
1346,1682.5,-0.003005028,,
1347,1683.75,-0.003018781,,
1348,1685,-0.003037117,,
1349,1686.25,-0.003050869,,
1350,1687.5,-0.003055454,,
1351,1688.75,-0.003064622,,
1352,1690,-0.003082958,,
1353,1691.25,-0.003096711,,
1354,1692.5,-0.003115047,,
1355,1693.75,-0.0031288,,
1356,1695,-0.003133384,,
1357,1696.25,-0.003147136,,
1358,1697.5,-0.003165473,,
1359,1698.75,-0.003183809,,
1360,1700,-0.003188393,,
1361,1701.25,-0.003192977,,
1362,1702.5,-0.003192977,,
1363,1703.75,-0.003197561,,
1364,1705,-0.003202146,,
1365,1706.25,-0.003215898,,
1366,1707.5,-0.00322965,,
1367,1708.75,-0.003234234,,
1368,1710,-0.003243403,,
1369,1711.25,-0.003257155,,
1370,1712.5,-0.003275492,,
1371,1713.75,-0.003298412,,
1372,1715,-0.003312164,,
1373,1716.25,-0.003312164,,
1374,1717.5,-0.003302996,,
1375,1718.75,-0.003312164,,
1376,1720,-0.003325917,,
1377,1721.25,-0.003344253,,
1378,1722.5,-0.003348837,,
1379,1723.75,-0.003358006,,
1380,1725,-0.003371758,,
1381,1726.25,-0.003380926,,
1382,1727.5,-0.003399263,,
1383,1728.75,-0.003422183,,
1384,1730,-0.003435936,,
1385,1731.25,-0.003435936,,
1386,1732.5,-0.003435936,,
1387,1733.75,-0.003449688,,
1388,1735,-0.00346344,,
1389,1736.25,-0.003472609,,
1390,1737.5,-0.003472609,,
1391,1738.75,-0.003486361,,
1392,1740,-0.003490945,,
1393,1741.25,-0.003504698,,
1394,1742.5,-0.003523034,,
1395,1743.75,-0.003532202,,
1396,1745,-0.003536786,,
1397,1746.25,-0.003536786,,
1398,1747.5,-0.003545955,,
1399,1748.75,-0.003550539,,
1400,1750,-0.003559707,,
1401,1751.25,-0.003573459,,
1402,1752.5,-0.003578044,,
1403,1753.75,-0.003582628,,
1404,1755,-0.003587212,,
1405,1756.25,-0.00359638,,
1406,1757.5,-0.003605548,,
1407,1758.75,-0.003605548,,
1408,1760,-0.003614717,,
1409,1761.25,-0.003614717,,
1410,1762.5,-0.003623885,,
1411,1763.75,-0.003633053,,
1412,1765,-0.003646805,,
1413,1766.25,-0.003655974,,
1414,1767.5,-0.003660558,,
1415,1768.75,-0.003665142,,
1416,1770,-0.003683478,,
1417,1771.25,-0.003701815,,
1418,1772.5,-0.003715567,,
1419,1773.75,-0.003715567,,
1420,1775,-0.003715567,,
1421,1776.25,-0.003724736,,
1422,1777.5,-0.003733904,,
1423,1778.75,-0.003747656,,
1424,1780,-0.003765993,,
1425,1781.25,-0.003775161,,
1426,1782.5,-0.003784329,,
1427,1783.75,-0.003798082,,
1428,1785,-0.00380725,,
1429,1786.25,-0.003821002,,
1430,1787.5,-0.003839339,,
1431,1788.75,-0.003843923,,
1432,1790,-0.003857675,,
1433,1791.25,-0.003871428,,
1434,1792.5,-0.003889764,,
1435,1793.75,-0.003912685,,
1436,1795,-0.003926437,,
1437,1796.25,-0.003935605,,
1438,1797.5,-0.003944774,,
1439,1798.75,-0.003958526,,
1440,1800,-0.003972278,,
1441,1801.25,-0.003986031,,
1442,1802.5,-0.004004367,,
1443,1803.75,-0.004013535,,
1444,1805,-0.004027288,,
1445,1806.25,-0.004050208,,
1446,1807.5,-0.004068545,,
1447,1808.75,-0.004082297,,
1448,1810,-0.004091466,,
1449,1811.25,-0.004114386,,
1450,1812.5,-0.004137307,,
1451,1813.75,-0.004151059,,
1452,1815,-0.004169396,,
1453,1816.25,-0.004187732,,
1454,1817.5,-0.0041969,,
1455,1818.75,-0.004201485,,
1456,1820,-0.004219821,,
1457,1821.25,-0.004238158,,
1458,1822.5,-0.004256494,,
1459,1823.75,-0.004270246,,
1460,1825,-0.004279415,,
1461,1826.25,-0.004279415,,
1462,1827.5,-0.004288583,,
1463,1828.75,-0.004302335,,
1464,1830,-0.004316088,,
1465,1831.25,-0.00432984,,
1466,1832.5,-0.004325256,,
1467,1833.75,-0.00432984,,
1468,1835,-0.004348177,,
1469,1836.25,-0.004361929,,
1470,1837.5,-0.00438485,,
1471,1838.75,-0.004403186,,
1472,1840,-0.004421523,,
1473,1841.25,-0.004430691,,
1474,1842.5,-0.004444443,,
1475,1843.75,-0.00446278,,
1476,1845,-0.0044857,,
1477,1846.25,-0.004490284,,
1478,1847.5,-0.004499453,,
1479,1848.75,-0.004513205,,
1480,1850,-0.004526957,,
1481,1851.25,-0.004536126,,
1482,1852.5,-0.004549878,,
1483,1853.75,-0.004549878,,
1484,1855,-0.004545294,,
1485,1856.25,-0.004554462,,
1486,1857.5,-0.00456363,,
1487,1858.75,-0.004572799,,
1488,1860,-0.004591135,,
1489,1861.25,-0.004600303,,
1490,1862.5,-0.004604888,,
1491,1863.75,-0.00461864,,
1492,1865,-0.004627808,,
1493,1866.25,-0.004646145,,
1494,1867.5,-0.004659897,,
1495,1868.75,-0.004664481,,
1496,1870,-0.004673649,,
1497,1871.25,-0.004691986,,
1498,1872.5,-0.004705738,,
1499,1873.75,-0.004728659,,
1500,1875,-0.004737827,,
1501,1876.25,-0.004742411,,
1502,1877.5,-0.004746995,,
1503,1878.75,-0.004756164,,
1504,1880,-0.004769916,,
1505,1881.25,-0.004788253,,
1506,1882.5,-0.004797421,,
1507,1883.75,-0.004792837,,
1508,1885,-0.004802005,,
1509,1886.25,-0.004811173,,
1510,1887.5,-0.00482951,,
1511,1888.75,-0.004847846,,
1512,1890,-0.004857014,,
1513,1891.25,-0.004866183,,
1514,1892.5,-0.004875351,,
1515,1893.75,-0.004889103,,
1516,1895,-0.00490744,,
1517,1896.25,-0.004925776,,
1518,1897.5,-0.004934945,,
1519,1898.75,-0.004948697,,
1520,1900,-0.004967033,,
1521,1901.25,-0.004980786,,
1522,1902.5,-0.004999122,,
1523,1903.75,-0.005012875,,
1524,1905,-0.005031211,,
1525,1906.25,-0.005049548,,
1526,1907.5,-0.005072468,,
1527,1908.75,-0.005095389,,
1528,1910,-0.005109141,,
1529,1911.25,-0.005122894,,
1530,1912.5,-0.005132062,,
1531,1913.75,-0.005145814,,
1532,1915,-0.005159567,,
1533,1916.25,-0.005182487,,
1534,1917.5,-0.005209992,,
1535,1918.75,-0.005228329,,
1536,1920,-0.005232913,,
1537,1921.25,-0.005246665,,
1538,1922.5,-0.005265002,,
1539,1923.75,-0.005283338,,
1540,1925,-0.005306259,,
1541,1926.25,-0.005324595,,
1542,1927.5,-0.005329179,,
1543,1928.75,-0.005338348,,
1544,1930,-0.005356684,,
1545,1931.25,-0.005384189,,
1546,1932.5,-0.005407109,,
1547,1933.75,-0.005416278,,
1548,1935,-0.005420862,,
1549,1936.25,-0.005434614,,
1550,1937.5,-0.005448367,,
1551,1938.75,-0.005457535,,
1552,1940,-0.005466703,,
1553,1941.25,-0.005480455,,
1554,1942.5,-0.00548504,,
1555,1943.75,-0.005503376,,
1556,1945,-0.005517128,,
1557,1946.25,-0.005540049,,
1558,1947.5,-0.005553801,,
1559,1948.75,-0.005567554,,
1560,1950,-0.005572138,,
1561,1951.25,-0.00558589,,
1562,1952.5,-0.005604227,,
1563,1953.75,-0.005622563,,
1564,1955,-0.005636316,,
1565,1956.25,-0.005645484,,
1566,1957.5,-0.005668405,,
1567,1958.75,-0.005691325,,
1568,1960,-0.005709662,,
1569,1961.25,-0.005723414,,
1570,1962.5,-0.005732582,,
1571,1963.75,-0.005737166,,
1572,1965,-0.005750919,,
1573,1966.25,-0.005760087,,
1574,1967.5,-0.005773839,,
1575,1968.75,-0.005783008,,
1576,1970,-0.005787592,,
1577,1971.25,-0.005783008,,
1578,1972.5,-0.00579676,,
1579,1973.75,-0.005810512,,
1580,1975,-0.005828849,,
1581,1976.25,-0.005842601,,
1582,1977.5,-0.00585177,,
1583,1978.75,-0.005860938,,
1584,1980,-0.00587469,,
1585,1981.25,-0.005883858,,
1586,1982.5,-0.005897611,,
1587,1983.75,-0.005911363,,
1588,1985,-0.005920531,,
1589,1986.25,-0.0059297,,
1590,1987.5,-0.005943452,,
1591,1988.75,-0.005961789,,
1592,1990,-0.005975541,,
1593,1991.25,-0.005989293,,
1594,1992.5,-0.005989293,,
1595,1993.75,-0.005998462,,
1596,1995,-0.006012214,,
1597,1996.25,-0.006021382,,
1598,1997.5,-0.006039719,,
1599,1998.75,-0.006044303,,
1600,2000,-0.006058055,,
1601,2001.25,-0.006071808,,
1602,2002.5,-0.006080976,,
1603,2003.75,-0.006103897,,
1604,2005,-0.006122233,,
1605,2006.25,-0.006126817,,
1606,2007.5,-0.006131401,,
1607,2008.75,-0.006149738,,
1608,2010,-0.00616349,,
1609,2011.25,-0.006177243,,
1610,2012.5,-0.006190995,,
